price,title
455.00,Apple iPhone 6s Plus - 64GB-Gris espacial (AT&T) Teléfono Inteligente
200.00,Samsung Galaxy S6 SM-G920P - 32GB-Negro Zafiro (Sprint) Nueva En Caja ESN limpio
196.50,Apple Iphone 6 Plus - 64GB-Gris espacial (AT&T) Teléfono Inteligente
247.50,Apple iPhone 6 - 16GB-Dorado (Desbloqueado) Teléfono Inteligente
"
					",Apple Iphone 6 Plus - 128GB (liberado) Smartphone Gris espacial Plata Oro bllt
 ,Apple Iphone 5 Blanco Plata 16 GB T-Mobile Case Incluido
52.00,Samsung Galaxy S7 Edge 32GB Desbloqueado GSM Teléfono inteligente Teléfono Celul...
"
					",Apple Iphone 7 - 128GB-Negro Azabache (AT&T) Teléfono Inteligente
"
						",Apple Iphone 5s - 16GB-Dorado (Verizon) Teléfono Inteligente
505.00,Apple Iphone 6S & 6S Plus y 5S (16/64/128 GB) teléfono desbloqueado de fábrica o...
91.00,Desbloqueado EN FÁBRICA Apple iPhone 6/6/5S Oro Plata Oro Plus 128GB 4G Smartpho...
"
					",LG G6 - 32 GB-ICE Platinum (T-Mobile) Smartphone
"
						",APPLE IPHONE 6 Original Desbloqueado de fábrica 16GB 64GB Gris Oro Plata 4 Net B...
"
					",Samsung Galaxy S4 32GB blanco escarcha (Verizon) Teléfono Inteligente
"
						",Samsung Galaxy S6 Edge 32GB SM-G925V DESBLOQUEADO GSM T-Mobile Android Teléfono ...
320.00,Apple iPhone 5 - 16GB-Blanco y Plateado (Sprint) Teléfono Inteligente
"
					",Apple iPhone 6s Plus (Desbloqueado en Fábrica) - 64GB-Todos Los Colores-GSM Telé...
"
						","Apple Iphone 6+ Plus - 16GB 64GB GSM Desbloqueado de fábrica Dorado Gris Plata"""
47.01,Apple Iphone 6 6 Plus 16GB 64GB Gris Espacial GSM Desbloqueado de fábrica oro pl...
"
					",Original Apple iPhone 5S 5C 4S 4G Lte Gsm (100% desbloqueado de fábrica) Smartph...
"
						",Samsung Galaxy S7 Edge 32GB LTE GSM Android Teléfono DESBLOQUEADO de fábrica oro...
39.99,Apple Iphone 6 Plus desbloqueado de fábrica 64GB 128GB Gris Dorado Plateado AT&T...
"
					",Apple Iphone 5s - 16 GB-Plateado (Verizon) Teléfono Inteligente
"
						","
			"
"
					",Samsung Galaxy S6 32GB oro Verizon
"
						",Nuevo SAMSUNG GALAXY S7 G935A 32GB Negro bloqueado AT&T EDGE Teléfono Inteligent...
"
					",Apple Iphone 5s - 16 GB-Gris espacial (Verizon) Teléfono Inteligente
"
						",Apple iPhone 6 Plus 16GB 64GB 128GB Desbloqueado de fábrica 4G Teléfono Intelige...
"
					",Apple Iphone 6s 6S Plus (Desbloqueado en Fábrica) - 64GB-Gris/Plat
"
						",a/Oro Rosa
"
					",Apple Iphone 16GB 64GB 128GB Teléfono inteligente Desbloqueado Sin SIM Gris Plat...
"
						",Apple iPhone 6 Plus - 128GB (Desbloqueado) Teléfono inteligente Gris Espacio-Pla...
"
					",Iphone 5s 16gb Dorado Desbloqueado Repuestos Reparaciones De Teléfono Móvil
"
						",Apple Iphone 6 - 16GB-Plateado (Verizon) Teléfono Inteligente
75.00,Apple iPhone 6 Plus - 128GB (Desbloqueado) Teléfono inteligente Gris Espacio-Pla...
"
					",Samsung Galaxy S6 SM-G920V - 32GB-Dorado Platinum (Verizon) Teléfono Inteligente
"
						",Apple Iphone 6 - 16 GB-Dorado (Verizon) Teléfono Inteligente
179.00,Apple Iphone 6 Plus - 64GB-Gris espacial (AT&T) Teléfono Inteligente
"
					",Nuevo Samsung Galaxy S6 SM-G920V 32GB Verizon Desbloqueado Teléfono inteligente ...
449.99,Apple Iphone 6s Plus - 128 GB-Teléfono inteligente Gris Espacio
100.00,Samsung Galaxy Note 3 Neo SM-N7505 - 16 GB-Blanco (Desbloqueado) Teléfono Inteli...
"
					",Apple Iphone 6 16GB 64GB 128GB Desbloqueado 4G LTE Oro Teléfono inteligente Gris...
"
						",Apple Iphone 5s - 16GB-Teléfono inteligente Dorado
"
					",Nuevo Sellado Apple iPhone 6 Plus - 16GB-Plateado (Verizon) Desbloqueado. nuevo
"
						","Apple Iphone 5s - 16 GB-Blanco (T-MOBILE, DESBLOQUEADO) SMARTPHONE"
"
					",Samsung Galaxy S7 Edge SM-G935A (Desbloqueado) 32GB Teléfono inteligente Negro-p...
"
						",Desbloqueado EN FÁBRICA Apple iPhone 6/6/5S Oro Plata Oro Plus 64GB 4G Smartphon...
"
					",Totalmente nuevo DESBLOQUEADO SAMSUNG GALAXY S6 32GB-Negro Zafiro (Verizon) Telé...
 ,"
		Samsung Galaxy S6 Edge + 64gb-Desbloque"
32.56,ado
172.50,"
		Apple iPhone 5 - 16 GB-Blanco y Plateado (Liberado) Smartphone"
"
					",Apple Iphone 6S 128 GB Oro Plata Gris espacial desbloqueado de fábrica
